date,title,icon,url
2026/02/22,æœ‰é…¸ç´ é‹å‹•ç›®æ¨™ã‚’é”æˆ,âœ…,https://dashboard.exercise.quest/
2026/02/22,ç¡çœ ã‚¹ã‚³ã‚¢ãŒæ‚ªã„,ğŸ’€,https://dashboard.exercise.quest/
2026/02/22,èª­ã‚“ã ï¼šã€Œã¡ã²ã‚ã•ã‚“ã€1å·»,https://i.imgur.com/aZysDb3.png,https://www.amazon.co.jp/dp/B00LTPU9QA
2026/02/22,èª­ã‚“ã§ã‚‹ï¼šã€Œç²‰ç˜¤æ¯å­éƒ½è½ã¡æŠã€,https://i.imgur.com/pthCArk.png,https://www.amazon.co.jp/dp/B0GL8D5CM5
2026/02/22,å¥½ããªChromeæ‹¡å¼µï¼šã€ŒMerge Windowsã€,https://i.imgur.com/gqBIwIl.png,https://singleclickapps.com/merge-windows/
2026/02/21,æœ‰é…¸ç´ é‹å‹•ç›®æ¨™ã‚’é”æˆ,âœ…,https://dashboard.exercise.quest/
2026/02/21,ãƒ©ã‚¸ã‚ªä½“æ“ã‚’ã‚„ã£ãŸ,ğŸ™†â€â™‚ï¸,https://taiso.poet.blue/
2026/02/21,ãƒ”ã‚¶ã‚’é£Ÿã¹ãŸ,ğŸ•,https://www.itoham.co.jp/product/product/detail.html?pdid=508
2026/02/21,LAT-RC01BKã‚’è²·ã£ãŸ,https://i.imgur.com/b3oP1Fi.png,https://www.amazon.co.jp/dp/B0766S2RQ4
2026/02/20,æœ‰é…¸ç´ é‹å‹•ç›®æ¨™ã‚’é”æˆ,âœ…,https://dashboard.exercise.quest/
2026/02/20,ã‚µã‚¤ã‚¯ãƒªãƒ³ã‚°,ğŸš²,
2026/02/20,ãƒ”ã‚¶ã‚’é£Ÿã¹ãŸ,ğŸ•,
2026/02/20,NUROãƒ¢ãƒã‚¤ãƒ«ã«MNP,https://i.imgur.com/A2ebOgy.png,https://mobile.nuro.jp/campaign/mobile-member/
2026/02/19,mogr,ğŸ¹,https://write.poet.blue
2026/02/19,ã‚ªãƒ¼ãƒ©ãƒ«B ã™ã¿ãšã¿ã‚¯ãƒªãƒ¼ãƒ³ã‚’è²·ã£ãŸ,https://i.imgur.com/6pTi031.png,https://www.amazon.co.jp/dp/B0BMM93P5D
2026/02/18,æœ‰é…¸ç´ é‹å‹•ç›®æ¨™ã‚’é”æˆ,âœ…,https://dashboard.exercise.quest/
2026/02/17,æœ‰é…¸ç´ é‹å‹•ç›®æ¨™ã‚’é”æˆ,âœ…,https://dashboard.exercise.quest/
2026/02/14,æœ‰é…¸ç´ é‹å‹•ç›®æ¨™ã‚’è¶…é,âš ï¸,https://dashboard.exercise.quest/
2026/02/11,ãƒ©ã‚¸ã‚ªä½“æ“ã‚’ã‚„ã£ãŸ,ğŸ™†â€â™‚ï¸,https://taiso.poet.blue/
2026/02/08,æœ‰é…¸ç´ é‹å‹•ç›®æ¨™ã‚’é”æˆ,âœ…,https://dashboard.exercise.quest/
2026/02/04,æœ‰é…¸ç´ é‹å‹•ç›®æ¨™ã‚’é”æˆ,âœ…,https://dashboard.exercise.quest/
2026/02/03,æœ‰é…¸ç´ é‹å‹•ç›®æ¨™ã‚’è¶…é,âš ï¸,https://dashboard.exercise.quest/
2026/02/02,æœ‰é…¸ç´ é‹å‹•ç›®æ¨™ã‚’è¶…é,âš ï¸,https://dashboard.exercise.quest/
2026/02/01,æœ‰é…¸ç´ é‹å‹•ç›®æ¨™ã‚’é”æˆ,âœ…,https://dashboard.exercise.quest/
2026/01/31,æœ‰é…¸ç´ é‹å‹•ç›®æ¨™ã‚’è¶…é,âš ï¸,https://dashboard.exercise.quest/
2026/01/30,æœ‰é…¸ç´ é‹å‹•ç›®æ¨™ã‚’é”æˆ,âœ…,https://dashboard.exercise.quest/
2026/01/29,æœ‰é…¸ç´ é‹å‹•ç›®æ¨™ã‚’è¶…é,âš ï¸,https://dashboard.exercise.quest/
2026/01/22,æœ‰é…¸ç´ é‹å‹•ç›®æ¨™ã‚’è¶…é,âš ï¸,https://dashboard.exercise.quest/
2026/01/20,æœ‰é…¸ç´ é‹å‹•ç›®æ¨™ã‚’é”æˆ,âœ…,https://dashboard.exercise.quest/
2026/01/19,æœ‰é…¸ç´ é‹å‹•ç›®æ¨™ã‚’é”æˆ,âœ…,https://dashboard.exercise.quest/
2026/01/18,æœ‰é…¸ç´ é‹å‹•ç›®æ¨™ã‚’é”æˆ,âœ…,https://dashboard.exercise.quest/
2026/01/17,æœ‰é…¸ç´ é‹å‹•ç›®æ¨™ã‚’è¶…é,âš ï¸,https://dashboard.exercise.quest/
2026/01/16,æœ‰é…¸ç´ é‹å‹•ç›®æ¨™ã‚’é”æˆ,âœ…,https://dashboard.exercise.quest/
2026/01/08,æœ‰é…¸ç´ é‹å‹•ç›®æ¨™ã‚’é”æˆ,âœ…,https://dashboard.exercise.quest/
2026/01/05,æœ‰é…¸ç´ é‹å‹•ç›®æ¨™ã‚’é”æˆ,âœ…,https://dashboard.exercise.quest/
2026/01/03,æœ‰é…¸ç´ é‹å‹•ç›®æ¨™ã‚’é”æˆ,âœ…,https://dashboard.exercise.quest/
2025/12/25,æœ‰é…¸ç´ é‹å‹•ç›®æ¨™ã‚’é”æˆ,âœ…,https://dashboard.exercise.quest/
2025/12/24,æœ‰é…¸ç´ é‹å‹•ç›®æ¨™ã‚’é”æˆ,âœ…,https://dashboard.exercise.quest/
2025/12/21,æœ‰é…¸ç´ é‹å‹•ç›®æ¨™ã‚’é”æˆ,âœ…,https://dashboard.exercise.quest/
2025/12/20,æœ‰é…¸ç´ é‹å‹•ç›®æ¨™ã‚’è¶…é,âš ï¸,https://dashboard.exercise.quest/
2025/12/19,æœ‰é…¸ç´ é‹å‹•ç›®æ¨™ã‚’è¶…é,âš ï¸,https://dashboard.exercise.quest/
2025/12/16,æœ‰é…¸ç´ é‹å‹•ç›®æ¨™ã‚’é”æˆ,âœ…,https://dashboard.exercise.quest/
2025/12/15,æœ‰é…¸ç´ é‹å‹•ç›®æ¨™ã‚’é”æˆ,âœ…,https://dashboard.exercise.quest/
2025/12/13,æœ‰é…¸ç´ é‹å‹•ç›®æ¨™ã‚’è¶…é,âš ï¸,https://dashboard.exercise.quest/
2025/12/09,æœ‰é…¸ç´ é‹å‹•ç›®æ¨™ã‚’è¶…é,âš ï¸,https://dashboard.exercise.quest/
2025/12/07,æœ‰é…¸ç´ é‹å‹•ç›®æ¨™ã‚’é”æˆ,âœ…,https://dashboard.exercise.quest/
2025/12/06,æ—¥è¨˜ã‚’å§‹ã‚ãŸ,ğŸ˜Š,